{
  "target": "Yield",
  "n_samples": 21,
  "y_mean": 92.15142857142857,
  "y_std": 12.130483555593196,
  "y_min": 67.29,
  "y_max": 124.38
}